{"model__alpha": 4.9183489890533684e-05, "model__l1_ratio": 0.8491316054801071}