{"model__alpha": 0.0004274287355315686, "model__l1_ratio": 0.9987399928867026}