{"model__alpha": 0.0003360648317060276, "model__l1_ratio": 0.953830669658963}