{"model__bagging_fraction": 0.0684110203957426, "model__learning_rate": 0.09921999462631927, "model__num_leaves": 17}