{"model__num_leaves": 29, "model__learning_rate": 0.0366326330270111, "model__bagging_fraction": 0.5325052666224568}