{"model__alpha": 5.401748823276157e-05, "model__l1_ratio": 0.012487647394061052}