{"model__num_leaves": 10, "model__learning_rate": 0.03919971923899253, "model__bagging_fraction": 0.8125065176447696}