{"model__alpha": 0.0002450324967185517, "model__l1_ratio": 0.5835487545367066}