{"model__learning_rate": 0.03663275280890894, "model__bagging_fraction": 0.36044917073501515, "model__num_leaves": 13}