{"model__alpha_1": 0.0003504140293613871, "model__n_iter": 394, "model__alpha_2": 1.6529319461264012e-06, "model__lambda_1": 0.0002916276393089442, "model__lambda_2": 0.00984744721192614, "model__normalize": false}