{"model__bagging_fraction": 0.29155547404400606, "model__learning_rate": 0.033396202202424764, "model__num_leaves": 10}