{"model__max_depth": 2, "model__subsample": 0.8030658355565635, "model__colsample_bytree": 0.5538617764413948, "model__n_estimators": 104, "model__learning_rate": 0.0813073193470486}