{"model__C": 0.22432863981621082, "model__epsilon": 0.005839209349757914, "model__gamma": 5.189051098324314e-05}