{"model__lambda_2": 0.009999012288782886, "model__alpha_1": 2.382762116243881e-07, "model__alpha_2": 3.168553882858496e-07, "model__normalize": false, "model__lambda_1": 3.4039876063273086e-07, "model__n_iter": 133}