{"model__alpha": 0.00047994554687740264, "model__l1_ratio": 0.2623252436929498}