{"model__alpha": 0.0004147287951533945, "model__l1_ratio": 0.9989881208950864}