{"model__alpha": 0.007698891207697139, "selectkbest__k": 51, "model__l1_ratio": 0.00020617476646441754}