{"model__alpha": 0.007912437084564206, "model__l1_ratio": 0.0002772707281746712, "selectkbest__k": 75}