{"model__alpha": 0.0005838937685432975, "model__l1_ratio": 0.9990718226143472}