{"model__l1_ratio": 0.013873621112724902, "selectkbest__k": 77, "model__alpha": 0.004316374249260748}