{"model__learning_rate": 0.010771214046900672, "model__n_estimators": 485, "model__subsample": 0.3404747539080335, "selectkbest__k": 24}