{"model__n_estimators": 933, "model__learning_rate": 0.015824532526339224, "model__subsample": 0.21316308096942393}