{"model__n_estimators": 733, "selectkbest__k": 59, "model__learning_rate": 0.011003013076618131, "model__subsample": 0.06339507546044192}