{"model__learning_rate": 0.02232357227599746, "model__subsample": 0.2723340080590942, "selectkbest__k": 133, "model__n_estimators": 599}