{"model__subsample": 0.11437113172105556, "selectkbest__k": 77, "model__learning_rate": 0.013381358728784837, "model__n_estimators": 948}