{"model__subsample": 0.26363430334316396, "model__learning_rate": 0.0036704093671828934, "selectkbest__k": 39, "model__n_estimators": 558}