{"model__subsample": 0.5964932897400177, "selectkbest__k": 78, "model__learning_rate": 0.041070351632690565, "model__n_estimators": 761}