{"model__coef0": 2.6716266680938254, "model__degree": 3, "model__alpha": 0.09997558131050441}