{"model__num_leaves": 14, "model__learning_rate": 0.05901282755896732, "model__bagging_fraction": 0.2802584626274768, "model__max_depth": 11}