{"model__alpha": 0.0005130979831704033, "model__l1_ratio": 0.8456725818525292}