{"model__alpha_1": 1.9202555838028747e-07, "model__normalize": false, "model__alpha_2": 2.2069374450132296e-06, "model__lambda_1": 4.2011471117793876e-07, "model__n_iter": 469, "model__lambda_2": 0.009998337849407615}