{"model__alpha": 0.0006714554438473421, "model__l1_ratio": 0.2697355748593462}