{"model__C": 0.6964463403143252, "model__epsilon": 0.008962697911145677, "model__gamma": 1.016132234158956e-05}